interestId,title,tags
6263fffc5a6c7162f7fa3a0e,Basketball,Ball|Sport|Running
6264001c147abf266a54cc2d,Swimming,Sports
62a4bab89c06b19ea5f523a0,Football,Ball|Sport|Running
62a4bb0a9c06b19ea5f523a2,Tennis,Ball|Sport|Running
62a4bb239c06b19ea5f523a3,Baseball,Ball|Sport|Running
62a4bb3a9c06b19ea5f523a4,Table tennis,Ball|Sport|Running
62a4bbce9c06b19ea5f523a5,Fishing,Beach
62a4bc029c06b19ea5f523a6,Volleyball,Beach|Running|Ball
62a4bd009c06b19ea5f523a7,Video Games,Games|Computers|Gamers
62a4bd8a9c06b19ea5f523a8,Yoga,Spirituality|Mentality
62a4be019c06b19ea5f523a9,Running,Running|Sport
62a4be459c06b19ea5f523ab,Traveling,Travel
62a4be869c06b19ea5f523ad,Golf,Ball|Sport
62a4beb99c06b19ea5f523af,Playing cards,Games|cards
62a4bee29c06b19ea5f523b0,Boards games,Games
62a4bf329c06b19ea5f523b1,Volunteering,Volunteer
62a4bf719c06b19ea5f523b4,Dancing,Music|Sport|Dance
62a4bfcd9c06b19ea5f523b6,Cooking,Food
62a4bff49c06b19ea5f523b7,Bicycling,Sport
62a4c03e9c06b19ea5f523b9,Collecting
62a4c0909c06b19ea5f523ba,Playing music,Music|Musical Instruments